Workbook

Sheet Licence audit
A1: The one-hour licence audit
A2: One row per seat. Band fills in from active days: 0 Never, 1 to 3 Tried, 4 or more Uses. AI for Companies, aiforcompanies.co.uk/resources. Not legal advice.
A4: Name | B4: Team | C4: Tool | D4: Seat since | E4: Last active | F4: Active days (28) | G4: Band | H4: What they use it for
A5: [Name] | B5: Finance | C5: Copilot | D5: Jan 2026 | E5: 19 Sep 2026 | F5: 17 | G5: =IF(F5="","",IF(F5=0,"Never",IF(F5<=3,"Tried","Uses"))) | H5: Variance commentary from the Excel pack
A6: [Name] | B6: Finance | C6: Copilot | D6: Jan 2026 | E6: 3 Sep 2026 | F6: 2 | G6: =IF(F6="","",IF(F6=0,"Never",IF(F6<=3,"Tried","Uses")))
A7: [Name] | B7: Client team | C7: ChatGPT | D7: Mar 2026 | E7: never | F7: 0 | G7: =IF(F7="","",IF(F7=0,"Never",IF(F7<=3,"Tried","Uses")))
A8: [Name] | B8: Operations | C8: Gemini | D8: Feb 2026 | E8: 21 Sep 2026 | F8: 22 | G8: =IF(F8="","",IF(F8=0,"Never",IF(F8<=3,"Tried","Uses"))) | H8: Meeting notes to owners and dates
A9: [Name] | B9: Partners | C9: Claude | D9: Jun 2026 | E9: 28 Aug 2026 | F9: 0 | G9: =IF(F9="","",IF(F9=0,"Never",IF(F9<=3,"Tried","Uses")))
G10: =IF(F10="","",IF(F10=0,"Never",IF(F10<=3,"Tried","Uses")))
G11: =IF(F11="","",IF(F11=0,"Never",IF(F11<=3,"Tried","Uses")))
G12: =IF(F12="","",IF(F12=0,"Never",IF(F12<=3,"Tried","Uses")))
G13: =IF(F13="","",IF(F13=0,"Never",IF(F13<=3,"Tried","Uses")))
G14: =IF(F14="","",IF(F14=0,"Never",IF(F14<=3,"Tried","Uses")))
G15: =IF(F15="","",IF(F15=0,"Never",IF(F15<=3,"Tried","Uses")))
G16: =IF(F16="","",IF(F16=0,"Never",IF(F16<=3,"Tried","Uses")))
G17: =IF(F17="","",IF(F17=0,"Never",IF(F17<=3,"Tried","Uses")))
G18: =IF(F18="","",IF(F18=0,"Never",IF(F18<=3,"Tried","Uses")))
G19: =IF(F19="","",IF(F19=0,"Never",IF(F19<=3,"Tried","Uses")))
G20: =IF(F20="","",IF(F20=0,"Never",IF(F20<=3,"Tried","Uses")))
G21: =IF(F21="","",IF(F21=0,"Never",IF(F21<=3,"Tried","Uses")))
... G59: =IF(F59="","",IF(F59=0,"Never",IF(F59<=3,"Tried","Uses")))

Sheet The one number
A1: Seats paid for | B1: =COUNTA('Licence audit'!C5:C200)
A2: Seats used in 28 days (Tried + Uses) | B2: =COUNTIF('Licence audit'!G5:G200,"Tried")+COUNTIF('Licence audit'!G5:G200,"Uses")
A3: Never | B3: =COUNTIF('Licence audit'!G5:G200,"Never")
A4: Tried | B4: =COUNTIF('Licence audit'!G5:G200,"Tried")
A5: Uses | B5: =COUNTIF('Licence audit'!G5:G200,"Uses")
A6: Report as | B6: =B2&" of "&B1&" seats used in the last 28 days"
A8: Repeat on the first working day of each month. Watch Tried to Uses and Never to Tried.
